cluster,size,keywords,examples
69,69,"effusion, pleural, bilateral, basal, interstitial, consolidation, right, syndrome","right parieto-basal hydropneumothorax with maximum thickness of 8 cm, abundant pleural effusion in the postero-basal region, also consolidation with air bronchogram on the left | heart failure with bilateral pleural effusion | heart failure with right pleural effusion"
72,45,"hypokinetic, cardiomyopathy, dilated, heart, ef, evolution, ischemic, disease",Ischemic heart disease with hypokinetic evolution | decompensation in known dilated hypokinetic cardiomyopathy with normal coronaries | hypokinetic cardiomyopathy and right pleural effusion + severe mitral regurgitation
51,42,"pain, chest, hemithorax, left, atypical, retrosternal, flank, stabbing",left hemithorax pain | retrosternal chest pain | Intermittent chest and left arm pain
12,35,"lung, adenocarcinoma, pulmonary, cancer, neoplasm, metastases, carcinoma, adrenal",lung adenocarcinoma - diagnosis a few years ago - received oral chemotherapy until July 2022 - at CT WB follow-up increase of nodular lesions 29 mm right basal pyramid and inferior horn of the right pulmonary hilum of 36 mm - right nodular lesion of 34 mm - pleural effusion of 20 mm on the right - not yet evaluated by the oncologist | pulmonary adenocarcinoma in follow-up | Small-cell neuroendocrine carcinoma with lymph node + adrenal mets
38,34,"fracture, left, femur, right, displaced, humerus, dislocation, pertrochanteric","fracture of the medial wall and of the medial floor with entrapment of the inferior rectus muscle and, to a lesser degree, of the ipsilateral medial rectus | Right humerus fracture | multiple myeloma with multiple osteolytic lesions and impending fracture of the proximal left femur"
55,32,"stroke, ischemic, subacute, hemispheric, right, mca, acute, cardioembolic",right ischemic stroke (right MCA M1 M2) | ischemic stroke | subacute STEMI
39,27,"left, wound, contused, lacerated, right, laceration, contusion, swelling","lacerated-contused wound of the eyelid margin | Lacerated-contused wound at the frontal level with skin abrasion over previous basal cell carcinoma | presence of a limited hypodense area in the right cerebellar region, of not-excludable recent ischemic nature"
36,22,"hematoma, hemorrhage, subdural, left, right, mm, intraparenchymal, temporal","hematoma on the lateral aspect of the left hemithorax | left hemispheric subdural hematoma of approximately 12 mm causing a midline shift of approximately 5 mm | Layer of acute right hemispheric subdural hematoma on a concomitant ipsilateral hypodense layer, producing mass effect on the adjacent brain parenchyma, on the right lateral ventricle, and on the midline structures, shifted toward the left by about 10 mm"
49,20,"heart, failure, decompensated, decompensation, acute, right, glycemic, congestive",glycemic decompensation | heart failure | Acute decompensated heart failure
70,19,"respiratory, type, failure, bronchitis, copd, chronic, alkalosis, acute","respiratory failure in heart failure and acute asthmatic bronchitis | COPD GOLD III, with Type 2 respiratory failure on home oxygen therapy | Type 2 respiratory failure in COPD"
33,18,"acute, cholecystitis, pancreatitis, gastroenteritis, abdomen, appendicitis, calculous, acalculous",acute acalculous pancreatitis | Acute cholecystitis | acute abdomen
71,17,"sars, cov, pneumonia, infection, respiratory, failure, type, positivity",SARS-CoV-2 infection | SARS-CoV-2 positivity | SARS-CoV-2 positive
9,15,"anemia, hemoptysis, severe, hb, thrombocytopenia, hemothorax, utero, leukopenia","Multifactorial liver cirrhosis (alcohol, HCV, HBV) with marked thrombocytopenia and esophageal venous ectasias | severe thrombocytopenia (PLT 2000 /mcL) and anemia 7.4/dl | Severe multifactorial anemia with positive fecal Hb"
42,13,"episode, presyncopal, syncopal, presyncope, syncope, head, probable, trauma",presyncope | postprandial presyncopal episode | suspected syncopal episode
44,13,"hypotension, orthostatic, presyncope, hypotensive, likely, syncope, origin, loc",orthostatic hypotension and aortic valve stenosis | likely situational syncope due to orthostatic hypotension | probable syncopal episode (LOC with very rapid regain of consciousness; in the ED finding of orthostatic hypotension)
10,12,"pacemaker, av, block, iatrogenic, implantation, indication, degree, dddr",DDD pacemaker for syncope and paroxysmal blocks | dual-chamber pacemaker for first-degree AV block with episodes of Mobitz 1 and 2:1 AV block and EAS | Carrier of DDDR St Jude Med pacemaker for brady-tachy syndrome
47,12,"hyperkalemia, hypokalemia, aki, iatrogenic, hyponatremia, severe, me1, hyperuricemia",hyperkalemia 6.9 mE1/l | AKI due to likely hyperuricemia | hypokalemia
63,12,"exacerbation, copd, acute, respiratory, asthma, failure, fever, hypoxic",COPD exacerbation | COPD exacerbation | COPD exacerbation
57,12,"pneumonia, possible, emphysema, aspiration, secondary, sepsis, suspected",Pneumonia | Pneumonia | pneumonia
50,12,"uti, urinary, tract, sepsis, infection, secondary, suspicion, fever",decompensated congestive heart failure and sepsis | urinary tract infection | Sepsis due to right ureteral lithiasis
76,11,"hypertensive, disease, heart, ischemic, valvular, revascularization, mild, status",Hypertensive heart disease | mild aortic stenosis in hypertensive heart disease | ischemic-hypertensive heart disease status post revascularization
75,11,"hypertrophic, lv, hypertrophy, ef, septum, ventricular, 40, left","Hypertrophic cardiomyopathy | Hypertensive heart disease with severe LV hypertrophy | hypertrophic LV, especially at the septum"
17,10,"af, permanent, oac, persistent, doac, noted, afib, paroxysmal",permanent AF | Permanent AF on DOAC | persistent AF
43,10,"hemiplegia, dysarthria, right, upper, limb, left, stroke, tremor",prior stroke with right hemiplegia with residual right hemibody weakness | symptomatic stroke with dysarthria | Right hemiplegia
61,10,"nstemi, mismatch, acs, risk, af, high, microcytic, nste",NSTEMI | ACS-NSTEMI with heart failure | NSTEMI during AF
20,10,"cognitive, decline, progressive, deterioration, alzheimer, autonomy, memory, dementia",progressive cognitive deterioration with memory gaps and decreased functional autonomy | cognitive decline | Cognitive decline
7,9,"lacerocontused, wound, neck, chest, wounds, bleeding, abdomen, frontoparietal",left parietal stellate lacerocontused wound | multiple lacerocontused wounds of the abdomen and posterior chest | hemotoma of the neck and the anterosuperior chest wall
0,9,"overdose, inappropriate, medication, ingestion, opiate, benzodiazepine, inr, sedative",probable overdose of trittico and minias | INR overdose | Possible sedative medication overdose
11,9,"bile, gallbladder, ducts, stone, duct, dilation, biliary, formation",gallbladder lithiasic formation with posterior acoustic shadowing | distended gallbladder with large intraluminal stone and thickened walls (5.6 mm) in the absence of pericholecystic fluid | marked dilation of the intrahepatic bile ducts and CBD
74,9,"aortic, stenosis, severe, moderate, valve, insufficiency, mild, possible",severe aortic stenosis | Aortic valve stenosis | severe aortic stenosis
41,9,"angina, suspected, unstable, cad, acs, known, pectoris, exertional",unstable angina | suspected angina | Suspected ischemic CAD due to anginal pain - normal coronaries
18,9,"paroxysmal, af, atrial, fibrillation, flutter, 2016, known",paroxysmal AF | paroxysmal AF | paroxysmal AF
23,9,"aneurysm, abdominal, aortic, infrarenal, diameter, aaa, mm, cm","Infrarenal abdominal aortic dilation | large infrarenal abdominal aortic aneurysm (maximum diameter 73 mm, longitudinal extent approximately 13 cm), an equally large aneurysm of the left common iliac artery (maximum diameter 75 mm, longitudinal extent approximately 8 cm) and a smaller aneurysm of the right common iliac artery (diameter 30 mm, longitudinal extent 4 cm), all with eccentric endoluminal thrombotic deposits; finding of a large right retroperitoneal hematoma with longitudinal extension of approximately 25 cm, transverse diameter of approximately 10 cm, maximum thickness of approximately 9 cm, arranged to occupy the posterior pararenal space with anterior displacement of the kidney and compression of the vena cava, caudally extending down to the ipsilateral iliac fossa. | AAA with mural thrombus, maximal diameter 56 mm"
68,9,"edema, pulmonary, acute",acute pulmonary edema | acute pulmonary edema | acute pulmonary edema
66,9,"19, covid, pcr, positive",COVID-19 | COVID-19 | COVID-19
62,9,"dyspnea, worsening, progressively, onset, days, acute, months, new",worsening dyspnea for some months | progressively worsening dyspnea over the last 2 days | progressively worsening dyspnea for at least one week
46,9,"functional, impairment, right, limb, lower, pain, hip, weakness","Right lower limb skin infection | right hip pain with functional impairment | Pain and functional impairment of the right arm, has brace/bandage NOME_PERSONA, superficial ecchymosis of the arm"
52,9,"pain, abdominal, epigastric, nausea, radiating, lumbar, process, inflammatory","epigastric abdominal pain | epigastric pain | Acute abdominal pain with nausea, vomiting, and diarrhea"
65,9,"covid, pneumonia, 19, related",COVID pneumonia | COVID-19 pneumonia | COVID-related pneumonia
13,8,"ulcer, lower, ulcers, lymphedema, left, limbs, necrosis, foot","chronic lower-extremity lymphedema with elephantiasis | hypodermitis of the lower extremities in chronic lymphedema with ulcers | necrotic ulcer of the left foot and ankle, distal necrosis of the 1st and 2nd toe"
27,8,"concussive, non, trauma, head, sternal, hip, injury, right","non-concussive head trauma | non-concussive head trauma | non-concussive head trauma, sternal trauma"
32,8,"ischemia, limb, lower, critical, left, upper, acute, chronic",critical ischemia of the left lower limb | acute ischemia of the left upper limb | critical ischemia of the left lower limb
14,8,"lumbosacral, trauma, cervical, pain, spinous, lumbar, spine, paraspinalgia",lumbar trauma | accidental head trauma + lumbosacral spine trauma | Cervical paraspinalgia
1,8,"agitation, psychomotor, abuse, substance, persecutory, ideation, hyperpyrexia, confusional",psychomotor agitation | psychomotor agitation | Agitation and persecutory ideation
5,7,"renal, colic, left, pyelonephritis, suspected, neoplasm, recurrence, hypofunctioning",left renal neoplasm | left pyelonephritis | left renal colic
25,7,"head, trauma, hemorrhage, cerebral, severe",head trauma | severe head trauma with cerebral hemorrhage | head trauma
37,7,"allergic, reaction, asthma, anaphylaxis, agent, sting, insect, contrast",Allergic asthma | Anaphylaxis secondary to insect sting | Asthma
24,7,"epileptic, seizure, seizures, recurrent, recurrence, sedation, postictal, possible",episodes of altered level of consciousness (somnolence and stiffening) in possible seizures | recurrent epileptic seizures | Seizure episodes in known epileptic with prolonged postictal phase (and sedation)
21,7,"coronary, syndrome, acute",Acute coronary syndrome | acute coronary syndrome | acute coronary syndrome
29,7,"syncope, vasovagal",syncope | syncope | vasovagal syncope
73,7,"lad, coronary, inferior, treated, ef, cad, wall, echocardiogram","CAD: in January 2009 inferior STEMI, treated with PTCA + stent on RCA; echocardiogram with normal EF | CORONARY ANGIOGRAPHY performed showing good result of previous stenting on LCx and OM, good result of previous multiple arterial graft on LAD, OM and right PDA; critical atheromatous disease of one coronary vessel (distal LAD). Coronary angioplasty with implantation of a single drug-eluting stent on Left Anterior Descending complicated by VF recognized and treated by the patient’s defibrillator at the 2nd shock. | CAD treated with medical therapy. In 1997 AMI; on coronary angiography subcritical stenosis of distal LAD"
59,7,"distress, ards, syndrome, respiratory, acute",acute respiratory distress syndrome (ARDS) | acute respiratory distress syndrome | acute respiratory distress syndrome (ARDS)
58,7,"acidosis, alkalosis, metabolic, respiratory, compensation, lactate, elevated",respiratory acidosis | respiratory alkalosis | metabolic acidosis with respiratory compensation
19,7,"chronic, cerebrovascular, disease, significant, prior, decline, vcc, cognitive",Cerebrovascular disease with significant cognitive decline | Chronic cerebrovascular disease | chronic venous thromboembolism
48,6,"basal, pneumonia, left, right, aspiration, radiographically, occult, respiratory",left basal pneumonia (radiographically occult) | Left basal pneumonia | right basal pneumonia
6,6,"dependent, edema, ascites, dyspnea, significant, decompensation, legs, epithelialization",dependent edema | dependent edema | dependent ascites
8,6,"arrhythmic, storm, palpitations, sounds, noted, arrhythmia, heart, electrical",arrhythmia noted | arrhythmic heart sounds | arrhythmic with systolic murmur 3/6 at the mitral area
4,6,"hypoglycemia, hypothermia, severe, diabetic, known, intoxication, alcohol, euglycemic","severe sepsis with secondary hypothermia and hypoglycemia | symptomatic hypoglycemia in a known diabetic patient, currently euglycemic | severe hypothermia with alcohol intoxication"
45,6,"stemi, anterior, st, elevation, arrest, cardiac, waves, myocardial",anterior ST elevation | anterior STEMI | STEMI
15,6,"dehydration, cachexia, diarrhea, bronchitis",dehydration | cachexia | dehydration and cachexia
16,6,"dvt, sural, vein, limb, lower, left, right, gastrocnemius",thrombosis of the accessory great saphenous vein in the right leg | right medial gastrocnemius DVT | femoro-popliteal DVT of the left lower limb
53,6,"kidney, injury, rhabdomyolysis, sepsis, acute, aki, likely, severe",AKI in rhabdomyolysis from prolonged time on the ground - sepsis of undetermined origin (urinary tract?) - heart failure in cirrhotic liver disease | severe sepsis from renal inflammation in oncologic patient with hepatic derangement from secondary involvement in prior operated colon cancer - recent severe sepsis from MDR in cholangitis at placement of DTBEI | Type 1 respiratory failure in sepsis originating from the respiratory tract (suspected community-acquired RUL pneumonia) + AKI with likely pre-renal etiology (dehydration?) + elevation of myocardial necrosis markers in the setting of sepsis and AKI + mild elevation of cholestasis indices likely due to congestive hepatopathy in previously unrecognized chronic heart failure
22,6,sepsis,sepsis | sepsis | sepsis
64,6,"respiratory, failure, acute, hypoxic",acute respiratory failure | acute hypoxic respiratory failure | acute respiratory failure
40,6,"ventricular, af, response, high, rate, rapid, burden, low",AF with low ventricular response | AF with high burden | likely AF with high ventricular rate
34,6,"seizure, epileptic, generalized, sleep, related, episode, likely, probable",generalized seizure | first episode of generalized epileptic seizure | likely first sleep-related epileptic seizure
35,6,"seizure, symptomatic, hematoma, sequelae, epileptic, patient, seizures, subdural","Absence episodes suspicious for seizure etiopathogenesis in a very elderly patient with VCC and a history of seizures in prior subdural hematoma | likely first late symptomatic generalized epileptic seizure in sequelae of cerebral hemorrhage in atypical location, with left temporo-parietal porencephalic sequela | nocturnal recurrence of symptomatic epileptic seizure in pt with recent discontinuation of antiepileptic therapy with sequelae of cerebral ischemia on oral anticoagulation"
26,6,"concussive, head, trauma",concussive head trauma | concussive head trauma | concussive head trauma
3,5,"gastritis, chronic, gastric, ongoing, gerd, ulcer, gastropathy, antral",chronic antral gastropathy | gastritis | chronic gastritis and GERD
2,5,"tachycardia, supraventricular, intermittent",tachycardia | tachycardia | intermittent tachycardia
31,5,"emergency, hypertensive",hypertensive emergency | hypertensive emergency | hypertensive emergency
28,5,"lbbb, af, conduction, ecg, extrasystoles, situ, 150, hr",LBBB on ECG | tachycardia with HR 150 with LBBB conduction | AF with LBBB conduction
30,5,"severe, copd, obstructive, defect, major, depressive, depression, disorder",Severe COPD | COPD with severe obstructive defect | COPD with severe obstructive defect
60,5,"pericardial, effusion, cm, minimal, tamponade, moderate, fibrin, circumferential",pericardial effusion 1 cm with fibrin at the apical level | circumferential pericardial effusion with maximal thickness 1 cm | moderate pericardial effusion (20-22 mm maximum in the inferior location in subcostal view) without hemodynamic impact
56,5,"pneumonia, suspected, sided, tuberculosis, right, left",suspected pneumonia | suspected pneumonia | Suspected left-sided pneumonia
54,5,"multifocal, pneumonia, failure, vitamin, deficiency, b12, chronic, complicated","multifocal pneumonia and heart failure, complicated by renal insufficiency and anemia of mixed origin (chronic disease and vitamin B12 deficiency) | multifocal pneumonia and heart failure, complicated by renal failure and anemia of mixed origin (chronic disease and vitamin B12 deficiency) | multifocal pneumonia causing type 2 respiratory failure, hemodynamic compromise and impaired sensorium; concomitant acute cerebrovascular event cannot be excluded on known chronic cerebral vasculopathy"
67,5,"edema, hypertensive, pulmonary, acute, diabetic, patient, anasarca",Hypertensive acute pulmonary edema | hypertensive acute pulmonary edema | hypertensive pulmonary edema
